repeated_times,Accuracy,Precision,Recall,F1,AUC,CV_list(AUC)
10,0.8379310344827585,0.6191494371927735,0.6092086693571155,0.5977378092063064,0.6092086693571155,"[0.6570512820512819, 0.6716981132075471, 0.5433962264150943, 0.5509259259259259, 0.5518207282913165, 0.5544871794871795, 0.6291666666666667, 0.6962264150943397, 0.5546218487394957, 0.6826923076923077]"
