repeated_times,Accuracy,Precision,Recall,F1,AUC,CV_list(AUC)
10,0.8807692307692306,0.7431317614594903,0.773609853672205,0.7534458547449641,0.7736098536722049,"[0.7472527472527472, 0.6420454545454546, 0.7912087912087912, 0.7579365079365079, 0.8786231884057971, 0.749438202247191, 0.7787234042553193, 0.8126984126984127, 0.7045454545454545, 0.8736263736263737]"
10,"[0.9038461538461539, 0.8269230769230769, 0.8653846153846154, 0.8942307692307693, 0.9134615384615384, 0.8557692307692307, 0.9230769230769231, 0.8846153846153846, 0.8461538461538461, 0.8942307692307693]","[0.7859237536656891, 0.6587301587301587, 0.7133126934984519, 0.7747252747252747, 0.7826233941852603, 0.7151162790697674, 0.7787234042553192, 0.7545219638242895, 0.7045454545454546, 0.763095238095238]","[0.7472527472527473, 0.6420454545454546, 0.7912087912087912, 0.7579365079365079, 0.8786231884057971, 0.749438202247191, 0.7787234042553192, 0.8126984126984127, 0.7045454545454546, 0.8736263736263736]","[0.7644927536231885, 0.649438202247191, 0.7414772727272727, 0.7659095559648046, 0.8196879214024273, 0.7298701298701298, 0.7787234042553192, 0.7784090909090908, 0.7045454545454546, 0.8019047619047619]","[0.7472527472527472, 0.6420454545454546, 0.7912087912087912, 0.7579365079365079, 0.8786231884057971, 0.749438202247191, 0.7787234042553193, 0.8126984126984127, 0.7045454545454545, 0.8736263736263737]","[0.7472527472527472, 0.6420454545454546, 0.7912087912087912, 0.7579365079365079, 0.8786231884057971, 0.749438202247191, 0.7787234042553193, 0.8126984126984127, 0.7045454545454545, 0.8736263736263737]"
