repeated_times,Accuracy,Precision,Recall,F1,AUC,CV_list(AUC)
10,0.8850746268656717,0.812302530736751,0.8392084177435905,0.8225803823777538,0.8392084177435907,"[0.8144686742817584, 0.8961038961038963, 0.8767543859649123, 0.8278899082568807, 0.8033027522935781, 0.8097957770854967, 0.8893995098039216, 0.755008210180624, 0.9056818181818183, 0.8136792452830189]"
10,"[0.8805970149253731, 0.917910447761194, 0.8955223880597015, 0.8955223880597015, 0.8805970149253731, 0.8731343283582089, 0.8805970149253731, 0.8507462686567164, 0.9253731343283582, 0.8507462686567164]","[0.8144686742817584, 0.8378331602630669, 0.7894204851752021, 0.8278899082568807, 0.8033027522935781, 0.8015498652291105, 0.8289337474120082, 0.7849541284403669, 0.8608490566037736, 0.7738235294117648]","[0.8144686742817584, 0.8961038961038961, 0.8767543859649123, 0.8278899082568807, 0.8033027522935781, 0.8097957770854967, 0.8893995098039216, 0.7550082101806239, 0.9056818181818183, 0.8136792452830188]","[0.8144686742817584, 0.8626409467896747, 0.8223484848484849, 0.8278899082568807, 0.8033027522935781, 0.8055484421681605, 0.85065477848983, 0.7680858428521979, 0.8806980056980057, 0.7901659880989664]","[0.8144686742817584, 0.8961038961038963, 0.8767543859649123, 0.8278899082568807, 0.8033027522935781, 0.8097957770854967, 0.8893995098039216, 0.755008210180624, 0.9056818181818183, 0.8136792452830189]","[0.8144686742817584, 0.8961038961038963, 0.8767543859649123, 0.8278899082568807, 0.8033027522935781, 0.8097957770854967, 0.8893995098039216, 0.755008210180624, 0.9056818181818183, 0.8136792452830189]"
