repeated_times,Accuracy,Precision,Recall,F1,AUC,CV_list(AUC)
10,0.8443708609271525,0.6858093597044713,0.7508764034136195,0.6996305545998664,0.7508764034136195,"[0.7491645781119466, 0.6322590011614402, 0.6482824427480917, 0.7564102564102564, 0.7376968503937008, 0.746098104793757, 0.8077260755048288, 0.8040271132376396, 0.785923141186299, 0.8411764705882352]"
