repeated_times,Accuracy,Precision,Recall,F1,AUC,CV_list(AUC)
10,0.8640939597315438,0.7710740023370832,0.838969416188297,0.7945858991818097,0.838969416188297,"[0.873774784885896, 0.7800546448087431, 0.8314166666666668, 0.8550833333333333, 0.8465020576131689, 0.8312096774193548, 0.8016826923076923, 0.8566666666666668, 0.8717332750964548, 0.841570363084993]"
10,"[0.8859060402684564, 0.8523489932885906, 0.87248322147651, 0.8557046979865772, 0.8758389261744967, 0.8120805369127517, 0.8489932885906041, 0.87248322147651, 0.8791946308724832, 0.8859060402684564]","[0.8041400304414004, 0.7521869874248224, 0.7655582264957265, 0.750396662161368, 0.7901629072681704, 0.7167053609117772, 0.7750684931506849, 0.768170426065163, 0.800082270670506, 0.7882686587812133]","[0.873774784885896, 0.7800546448087431, 0.8314166666666667, 0.8550833333333333, 0.8465020576131688, 0.8312096774193548, 0.8016826923076923, 0.8566666666666667, 0.8717332750964548, 0.841570363084993]","[0.8308627136752137, 0.7645114942528736, 0.7911009445100354, 0.7823524416135881, 0.8127218683651805, 0.741142892597878, 0.786746815514527, 0.7992340968725622, 0.8267106028300057, 0.8104751215862327]","[0.873774784885896, 0.7800546448087431, 0.8314166666666668, 0.8550833333333333, 0.8465020576131689, 0.8312096774193548, 0.8016826923076923, 0.8566666666666668, 0.8717332750964548, 0.841570363084993]","[0.873774784885896, 0.7800546448087431, 0.8314166666666668, 0.8550833333333333, 0.8465020576131689, 0.8312096774193548, 0.8016826923076923, 0.8566666666666668, 0.8717332750964548, 0.841570363084993]"
